[
  {
    "lat": 33.5386523,
    "lon": -112.1859866,
    "name": "Arizona Cardinals",
    "abbr": "ari",
    "city": "Glendale, Arizona"
  },
  {
    "lat": 33.7489954,
    "lon": -84.3879824,
    "name": "Atlanta Falcons",
    "abbr": "atl",
    "city": "Atlanta, Georgia"
  },
  {
    "lat": 39.2903848,
    "lon": -76.6121893,
    "name": "Baltimore Ravens",
    "abbr": "bal",
    "city": "Baltimore, Maryland"
  },
  {
    "lat": 42.7675323,
    "lon": -78.7440921,
    "name": "Buffalo Bills",
    "abbr": "buf",
    "city": "Orchard Park, New York"
  },
  {
    "lat": 35.2270869,
    "lon": -80.8431267,
    "name": "Carolina Panthers",
    "abbr": "car",
    "city": "Charlotte, North Carolina"
  },
  {
    "lat": 41.8781136,
    "lon": -87.6297982,
    "name": "Chicago Bears",
    "abbr": "chi",
    "city": "Chicago, Illinois"
  },
  {
    "lat": 39.1031182,
    "lon": -84.5120196,
    "name": "Cincinnati Bengals",
    "abbr": "cin",
    "city": "Cincinnati, Ohio"
  },
  {
    "lat": 41.49932,
    "lon": -81.6943605,
    "name": "Cleveland Browns",
    "abbr": "cle",
    "city": "Cleveland, Ohio"
  },
  {
    "lat": 32.735687,
    "lon": -97.10806559999999,
    "name": "Dallas Cowboys",
    "abbr": "dal",
    "city": "Arlington, Texas"
  },
  {
    "lat": 39.7392358,
    "lon": -104.990251,
    "name": "Denver Broncos",
    "abbr": "den",
    "city": "Denver, Colorado"
  },
  {
    "lat": 42.331427,
    "lon": -83.0457538,
    "name": "Detroit Lions",
    "abbr": "det",
    "city": "Detroit, Michigan"
  },
  {
    "lat": 44.5133188,
    "lon": -88.0132958,
    "name": "Green Bay Packers",
    "abbr": "gb",
    "city": "Green Bay, Wisconsin"
  },
  {
    "lat": 29.7604267,
    "lon": -95.3698028,
    "name": "Houston Texans",
    "abbr": "hou",
    "city": "Houston, Texas"
  },
  {
    "lat": 39.768403,
    "lon": -86.158068,
    "name": "Indianapolis Colts",
    "abbr": "ind",
    "city": "Indianapolis, Indiana"
  },
  {
    "lat": 30.3321838,
    "lon": -81.65565099999999,
    "name": "Jacksonville Jaguars",
    "abbr": "jax",
    "city": "Jacksonville, Florida"
  },
  {
    "lat": 39.0997265,
    "lon": -94.5785667,
    "name": "Kansas City Chiefs",
    "abbr": "kc",
    "city": "Kansas City, Missouri"
  },
  {
    "lat": 36.0971945,
    "lon": -115.1466648,
    "name": "Las Vegas Raiders",
    "abbr": "lv",
    "city": "Paradise, Nevada"
  },
  {
    "lat": 33.9616801,
    "lon": -118.3531311,
    "name": "Los Angeles Chargers",
    "abbr": "lac",
    "city": "Inglewood, California"
  },
  {
    "lat": 33.9616801,
    "lon": -118.3531311,
    "name": "Los Angeles Rams",
    "abbr": "lar",
    "city": "Inglewood, California"
  },
  {
    "lat": 25.9420377,
    "lon": -80.2456045,
    "name": "Miami Dolphins",
    "abbr": "mia",
    "city": "Miami Gardens, Florida"
  },
  {
    "lat": 44.977753,
    "lon": -93.2650108,
    "name": "Minnesota Vikings",
    "abbr": "min",
    "city": "Minneapolis, Minnesota"
  },
  {
    "lat": 42.0653812,
    "lon": -71.2478251,
    "name": "New England Patriots",
    "abbr": "ne",
    "city": "Foxborough, Massachusetts"
  },
  {
    "lat": 29.95106579999999,
    "lon": -90.0715323,
    "name": "New Orleans Saints",
    "abbr": "no",
    "city": "New Orleans, Louisiana"
  },
  {
    "lat": 40.833989,
    "lon": -74.0970865,
    "name": "New York Giants",
    "abbr": "nyg",
    "city": "East Rutherford, New Jersey"
  },
  {
    "lat": 40.833989,
    "lon": -74.0970865,
    "name": "New York Jets",
    "abbr": "nyj",
    "city": "East Rutherford, New Jersey"
  },
  {
    "lat": 39.9525839,
    "lon": -75.1652215,
    "name": "Philadelphia Eagles",
    "abbr": "phi",
    "city": "Philadelphia, Pennsylvania"
  },
  {
    "lat": 40.44062479999999,
    "lon": -79.9958864,
    "name": "Pittsburgh Steelers",
    "abbr": "pit",
    "city": "Pittsburgh, Pennsylvania"
  },
  {
    "lat": 37.3541079,
    "lon": -121.9552356,
    "name": "San Francisco 49ers",
    "abbr": "sf",
    "city": "Santa Clara, California"
  },
  {
    "lat": 47.6062095,
    "lon": -122.3320708,
    "name": "Seattle Seahawks",
    "abbr": "sea",
    "city": "Seattle, Washington"
  },
  {
    "lat": 27.950575,
    "lon": -82.4571776,
    "name": "Tampa Bay Buccaneers",
    "abbr": "tb",
    "city": "Tampa, Florida"
  },
  {
    "lat": 36.1626638,
    "lon": -86.7816016,
    "name": "Tennessee Titans",
    "abbr": "ten",
    "city": "Nashville, Tennessee"
  },
  {
    "lat": 39.02677273266746,
    "lon": -77.4443321542871,
    "name": "The Washington Football Team",
    "abbr": "wsh",
    "city": "Washington, DC"
  }
]
