[
  {
    "lat": 33.8365932,
    "lon": -117.9143012,
    "name": "Anaheim Ducks",
    "abbr": "ana",
    "city": "Anaheim, California"
  },
  {
    "lat": 33.5386523,
    "lon": -112.1859866,
    "name": "Arizona Coyotes",
    "abbr": "ari",
    "city": "Glendale, Arizona"
  },
  {
    "lat": 42.3600825,
    "lon": -71.0588801,
    "name": "Boston Bruins",
    "abbr": "bos",
    "city": "Boston, Massachusetts"
  },
  {
    "lat": 42.88644679999999,
    "lon": -78.8783689,
    "name": "Buffalo Sabres",
    "abbr": "buf",
    "city": "Buffalo, New York"
  },
  {
    "lat": 51.04473309999999,
    "lon": -114.0718831,
    "name": "Calgary Flames",
    "abbr": "cgy",
    "city": "Calgary, Alberta"
  },
  {
    "lat": 35.7795897,
    "lon": -78.6381787,
    "name": "Carolina Hurricanes",
    "abbr": "car",
    "city": "Raleigh, North Carolina"
  },
  {
    "lat": 41.8781136,
    "lon": -87.6297982,
    "name": "Chicago Blackhawks",
    "abbr": "chi",
    "city": "Chicago, Illinois"
  },
  {
    "lat": 39.7392358,
    "lon": -104.990251,
    "name": "Colorado Avalanche",
    "abbr": "col",
    "city": "Denver, Colorado"
  },
  {
    "lat": 39.9611755,
    "lon": -82.99879419999999,
    "name": "Columbus Blue Jackets",
    "abbr": "cbj",
    "city": "Columbus, Ohio"
  },
  {
    "lat": 32.7766642,
    "lon": -96.79698789999999,
    "name": "Dallas Stars",
    "abbr": "dal",
    "city": "Dallas, Texas"
  },
  {
    "lat": 42.331427,
    "lon": -83.0457538,
    "name": "Detroit Red Wings",
    "abbr": "det",
    "city": "Detroit, Michigan"
  },
  {
    "lat": 53.5461245,
    "lon": -113.4938229,
    "name": "Edmonton Oilers",
    "abbr": "edm",
    "city": "Edmonton, Alberta"
  },
  {
    "lat": 26.1669711,
    "lon": -80.25659499999999,
    "name": "Florida Panthers",
    "abbr": "fla",
    "city": "Sunrise, Florida"
  },
  {
    "lat": 34.0522342,
    "lon": -118.2436849,
    "name": "Los Angeles Kings",
    "abbr": "la",
    "city": "Los Angeles, California"
  },
  {
    "lat": 44.9537029,
    "lon": -93.0899578,
    "name": "Minnesota Wild",
    "abbr": "min",
    "city": "Saint Paul, Minnesota"
  },
  {
    "lat": 45.5016889,
    "lon": -73.567256,
    "name": "Montreal Canadiens",
    "abbr": "mtl",
    "city": "Montreal, Quebec"
  },
  {
    "lat": 36.1626638,
    "lon": -86.7816016,
    "name": "Nashville Predators",
    "abbr": "nsh",
    "city": "Nashville, Tennessee"
  },
  {
    "lat": 40.735657,
    "lon": -74.1723667,
    "name": "New Jersey Devils",
    "abbr": "nj",
    "city": "Newark, New Jersey"
  },
  {
    "lat": 40.700611,
    "lon": -73.5931669,
    "name": "New York Islanders",
    "abbr": "nyi",
    "city": "Uniondale, New York"
  },
  {
    "lat": 40.7127753,
    "lon": -74.0059728,
    "name": "New York Rangers",
    "abbr": "nyr",
    "city": "New York, New York"
  },
  {
    "lat": 45.4215296,
    "lon": -75.69719309999999,
    "name": "Ottawa Senators",
    "abbr": "ott",
    "city": "Ottawa, Ontario"
  },
  {
    "lat": 39.9525839,
    "lon": -75.1652215,
    "name": "Philadelphia Flyers",
    "abbr": "phi",
    "city": "Philadelphia, Pennsylvania"
  },
  {
    "lat": 40.44062479999999,
    "lon": -79.9958864,
    "name": "Pittsburgh Penguins",
    "abbr": "pit",
    "city": "Pittsburgh, Pennsylvania"
  },
  {
    "lat": 37.3382082,
    "lon": -121.8863286,
    "name": "San Jose Sharks",
    "abbr": "sj",
    "city": "San Jose, California"
  },
  {
    "lat": 38.6270025,
    "lon": -90.19940419999999,
    "name": "St. Louis Blues",
    "abbr": "stl",
    "city": "St. Louis, Missouri"
  },
  {
    "lat": 27.950575,
    "lon": -82.4571776,
    "name": "Tampa Bay Lightning",
    "abbr": "tb",
    "city": "Tampa, Florida"
  },
  {
    "lat": 43.653226,
    "lon": -79.3831843,
    "name": "Toronto Maple Leafs",
    "abbr": "tor",
    "city": "Toronto, Ontario"
  },
  {
    "lat": 49.2827291,
    "lon": -123.1207375,
    "name": "Vancouver Canucks",
    "abbr": "van",
    "city": "Vancouver, British Columbia"
  },
  {
    "lat": 36.0971945,
    "lon": -115.1466648,
    "name": "Vegas Golden Knights",
    "abbr": "vgs",
    "city": "Paradise, Nevada"
  },
  {
    "lat": 38.9071923,
    "lon": -77.0368707,
    "name": "Washington Capitals",
    "abbr": "wsh",
    "city": "Washington, D.C."
  },
  {
    "lat": 49.895136,
    "lon": -97.13837439999999,
    "name": "Winnipeg Jets",
    "abbr": "wpg",
    "city": "Winnipeg, Manitoba"
  }
]
